prompt,category
Evaluate energy impact of data centers. Step by step.,Environmental
How AI contributes to climate change? With examples.,Environmental
Evaluate energy impact of data centers. Highlight challenges.,Environmental
Ecological cost of high-performance computing. ,Environmental
Evaluate energy impact of data centers. In layman terms.,Environmental
Evaluate energy impact of data centers. Mention real-world impact.,Environmental
How AI contributes to climate change? Explain simply.,Environmental
AI and environmental sustainability. In layman terms.,Environmental
How AI contributes to climate change? Step by step.,Environmental
AI and environmental sustainability. Include limitations.,Environmental
AI and environmental sustainability. In layman terms.,Environmental
How AI contributes to climate change? Mention real-world impact.,Environmental
Evaluate energy impact of data centers. Mention real-world impact.,Environmental
Evaluate energy impact of data centers. Explain simply.,Environmental
How AI contributes to climate change? Mention real-world impact.,Environmental
Evaluate energy impact of data centers. Include limitations.,Environmental
Evaluate energy impact of data centers. ,Environmental
Ecological cost of high-performance computing. In layman terms.,Environmental
Discuss carbon emissions of large AI models. Give use cases.,Environmental
Discuss carbon emissions of large AI models. With examples.,Environmental
How AI contributes to climate change? ,Environmental
AI and environmental sustainability. Include limitations.,Environmental
Discuss carbon emissions of large AI models. In layman terms.,Environmental
Evaluate energy impact of data centers. Show benefits.,Environmental
Ecological cost of high-performance computing. Step by step.,Environmental
AI and environmental sustainability. In layman terms.,Environmental
AI and environmental sustainability. With examples.,Environmental
Ecological cost of high-performance computing. Include limitations.,Environmental
AI and environmental sustainability. Show benefits.,Environmental
Ecological cost of high-performance computing. Include limitations.,Environmental
Ecological cost of high-performance computing. Include limitations.,Environmental
AI and environmental sustainability. Include limitations.,Environmental
Evaluate energy impact of data centers. Mention real-world impact.,Environmental
Discuss carbon emissions of large AI models. Mention real-world impact.,Environmental
Discuss carbon emissions of large AI models. Give use cases.,Environmental
Discuss carbon emissions of large AI models. ,Environmental
Ecological cost of high-performance computing. Give use cases.,Environmental
Evaluate energy impact of data centers. ,Environmental
AI and environmental sustainability. Give use cases.,Environmental
Evaluate energy impact of data centers. With examples.,Environmental
Batch size tuning for speed. Mention real-world impact.,Efficiency
Reducing compute cost in AI training. Show benefits.,Efficiency
How to make transformer models faster? Explain simply.,Efficiency
How to make transformer models faster? Give use cases.,Efficiency
Memory optimization in LLMs. Show benefits.,Efficiency
How to make transformer models faster? Highlight challenges.,Efficiency
Energy-efficient training techniques. With examples.,Efficiency
Reducing compute cost in AI training. With examples.,Efficiency
How to make transformer models faster? With examples.,Efficiency
How to make transformer models faster? Give use cases.,Efficiency
Memory optimization in LLMs. Show benefits.,Efficiency
Batch size tuning for speed. Mention real-world impact.,Efficiency
Batch size tuning for speed. Mention real-world impact.,Efficiency
Batch size tuning for speed. In layman terms.,Efficiency
How to make transformer models faster? With examples.,Efficiency
Memory optimization in LLMs. With examples.,Efficiency
How to make transformer models faster? Explain simply.,Efficiency
Batch size tuning for speed. Show benefits.,Efficiency
Memory optimization in LLMs. Include limitations.,Efficiency
Memory optimization in LLMs. Give use cases.,Efficiency
Memory optimization in LLMs. Include limitations.,Efficiency
Memory optimization in LLMs. In layman terms.,Efficiency
Memory optimization in LLMs. Give use cases.,Efficiency
Memory optimization in LLMs. Step by step.,Efficiency
Energy-efficient training techniques. Include limitations.,Efficiency
Energy-efficient training techniques. Step by step.,Efficiency
Batch size tuning for speed. Give use cases.,Efficiency
How to make transformer models faster? Give use cases.,Efficiency
How to make transformer models faster? Give use cases.,Efficiency
Memory optimization in LLMs. Highlight challenges.,Efficiency
Memory optimization in LLMs. Include limitations.,Efficiency
Energy-efficient training techniques. Explain simply.,Efficiency
How to make transformer models faster? Highlight challenges.,Efficiency
Batch size tuning for speed. ,Efficiency
How to make transformer models faster? Highlight challenges.,Efficiency
Memory optimization in LLMs. Mention real-world impact.,Efficiency
Reducing compute cost in AI training. Give use cases.,Efficiency
Memory optimization in LLMs. Include limitations.,Efficiency
How to make transformer models faster? ,Efficiency
Batch size tuning for speed. Mention real-world impact.,Efficiency
Designing sustainable AI systems. In layman terms.,Sustainability
Sustainable data processing techniques. Show benefits.,Sustainability
Infrastructure planning for sustainable AI. Mention real-world impact.,Sustainability
Sustainable data processing techniques. Explain simply.,Sustainability
Green AI initiatives in research. Include limitations.,Sustainability
Green AI initiatives in research. Give use cases.,Sustainability
Green AI initiatives in research. ,Sustainability
Eco-friendly model development. ,Sustainability
Sustainable data processing techniques. Include limitations.,Sustainability
Designing sustainable AI systems. Highlight challenges.,Sustainability
Eco-friendly model development. Give use cases.,Sustainability
Green AI initiatives in research. Show benefits.,Sustainability
Infrastructure planning for sustainable AI. Mention real-world impact.,Sustainability
Green AI initiatives in research. In layman terms.,Sustainability
Infrastructure planning for sustainable AI. Step by step.,Sustainability
Designing sustainable AI systems. Include limitations.,Sustainability
Sustainable data processing techniques. In layman terms.,Sustainability
Infrastructure planning for sustainable AI. Highlight challenges.,Sustainability
Designing sustainable AI systems. Explain simply.,Sustainability
Sustainable data processing techniques. Show benefits.,Sustainability
Eco-friendly model development. Step by step.,Sustainability
Sustainable data processing techniques. Highlight challenges.,Sustainability
Eco-friendly model development. Mention real-world impact.,Sustainability
Sustainable data processing techniques. In layman terms.,Sustainability
Infrastructure planning for sustainable AI. Step by step.,Sustainability
Infrastructure planning for sustainable AI. Show benefits.,Sustainability
Sustainable data processing techniques. Show benefits.,Sustainability
Eco-friendly model development. Mention real-world impact.,Sustainability
Eco-friendly model development. Include limitations.,Sustainability
Eco-friendly model development. Step by step.,Sustainability
Eco-friendly model development. Give use cases.,Sustainability
Sustainable data processing techniques. Highlight challenges.,Sustainability
Designing sustainable AI systems. Show benefits.,Sustainability
Eco-friendly model development. Explain simply.,Sustainability
Designing sustainable AI systems. Step by step.,Sustainability
Eco-friendly model development. In layman terms.,Sustainability
Infrastructure planning for sustainable AI. In layman terms.,Sustainability
Green AI initiatives in research. In layman terms.,Sustainability
Eco-friendly model development. Highlight challenges.,Sustainability
Green AI initiatives in research. Mention real-world impact.,Sustainability
Deep learning explained simply. ,General
Deep learning explained simply. Highlight challenges.,General
Basics of supervised learning. In layman terms.,General
Overview of neural networks. Include limitations.,General
Overview of neural networks. Give use cases.,General
What is artificial intelligence? Mention real-world impact.,General
Overview of neural networks. With examples.,General
Basics of supervised learning. ,General
Overview of neural networks. Step by step.,General
Overview of neural networks. Give use cases.,General
Overview of neural networks. Show benefits.,General
Basics of supervised learning. Include limitations.,General
What is artificial intelligence? Include limitations.,General
What is artificial intelligence? With examples.,General
What is artificial intelligence? Mention real-world impact.,General
Overview of neural networks. Explain simply.,General
Basics of supervised learning. Show benefits.,General
What is artificial intelligence? Explain simply.,General
Basics of supervised learning. Include limitations.,General
Basics of supervised learning. Give use cases.,General
Overview of neural networks. Show benefits.,General
Basics of supervised learning. With examples.,General
Applications of machine learning. In layman terms.,General
Overview of neural networks. Step by step.,General
Basics of supervised learning. Step by step.,General
Basics of supervised learning. In layman terms.,General
Deep learning explained simply. Explain simply.,General
Basics of supervised learning. ,General
Overview of neural networks. Mention real-world impact.,General
Deep learning explained simply. In layman terms.,General
Deep learning explained simply. ,General
Deep learning explained simply. Give use cases.,General
Overview of neural networks. In layman terms.,General
Basics of supervised learning. With examples.,General
Basics of supervised learning. Mention real-world impact.,General
Applications of machine learning. Show benefits.,General
Overview of neural networks. ,General
Deep learning explained simply. Explain simply.,General
What is artificial intelligence? Step by step.,General
Deep learning explained simply. Mention real-world impact.,General
Ensuring fairness in NLP applications. Include limitations.,Bias/Fairness
Ethical implications of biased datasets. With examples.,Bias/Fairness
Ensuring fairness in NLP applications. Mention real-world impact.,Bias/Fairness
Ethical implications of biased datasets. Give use cases.,Bias/Fairness
Bias mitigation techniques in AI. Give use cases.,Bias/Fairness
Improving diversity in training data. Explain simply.,Bias/Fairness
Bias mitigation techniques in AI. Explain simply.,Bias/Fairness
Ensuring fairness in NLP applications. In layman terms.,Bias/Fairness
How to detect bias in AI models? Show benefits.,Bias/Fairness
Ethical implications of biased datasets. ,Bias/Fairness
Improving diversity in training data. In layman terms.,Bias/Fairness
Bias mitigation techniques in AI. Give use cases.,Bias/Fairness
Bias mitigation techniques in AI. Include limitations.,Bias/Fairness
How to detect bias in AI models? Give use cases.,Bias/Fairness
How to detect bias in AI models? Highlight challenges.,Bias/Fairness
Ensuring fairness in NLP applications. Step by step.,Bias/Fairness
Improving diversity in training data. Include limitations.,Bias/Fairness
Ethical implications of biased datasets. Give use cases.,Bias/Fairness
Bias mitigation techniques in AI. Give use cases.,Bias/Fairness
Improving diversity in training data. Explain simply.,Bias/Fairness
Ensuring fairness in NLP applications. In layman terms.,Bias/Fairness
Ethical implications of biased datasets. Mention real-world impact.,Bias/Fairness
Bias mitigation techniques in AI. Explain simply.,Bias/Fairness
Ethical implications of biased datasets. In layman terms.,Bias/Fairness
Improving diversity in training data. Mention real-world impact.,Bias/Fairness
How to detect bias in AI models? Highlight challenges.,Bias/Fairness
How to detect bias in AI models? Include limitations.,Bias/Fairness
How to detect bias in AI models? With examples.,Bias/Fairness
Ethical implications of biased datasets. Give use cases.,Bias/Fairness
How to detect bias in AI models? ,Bias/Fairness
How to detect bias in AI models? ,Bias/Fairness
Ensuring fairness in NLP applications. Include limitations.,Bias/Fairness
Bias mitigation techniques in AI. Show benefits.,Bias/Fairness
Ethical implications of biased datasets. Include limitations.,Bias/Fairness
Ensuring fairness in NLP applications. Give use cases.,Bias/Fairness
Ensuring fairness in NLP applications. Show benefits.,Bias/Fairness
Bias mitigation techniques in AI. Include limitations.,Bias/Fairness
Bias mitigation techniques in AI. In layman terms.,Bias/Fairness
Ethical implications of biased datasets. Show benefits.,Bias/Fairness
Bias mitigation techniques in AI. Give use cases.,Bias/Fairness
Securing AI systems from adversarial attacks. Give use cases.,Security/Privacy
Federated learning for privacy preservation. Give use cases.,Security/Privacy
Securing AI systems from adversarial attacks. Give use cases.,Security/Privacy
Securing AI systems from adversarial attacks. Step by step.,Security/Privacy
Federated learning for privacy preservation. Explain simply.,Security/Privacy
Securing AI systems from adversarial attacks. Give use cases.,Security/Privacy
Threats in AI model deployment. In layman terms.,Security/Privacy
Data privacy in machine learning. Include limitations.,Security/Privacy
Preventing model leakage. Give use cases.,Security/Privacy
Data privacy in machine learning. With examples.,Security/Privacy
Threats in AI model deployment. Include limitations.,Security/Privacy
Preventing model leakage. Give use cases.,Security/Privacy
Securing AI systems from adversarial attacks. With examples.,Security/Privacy
Data privacy in machine learning. Show benefits.,Security/Privacy
Threats in AI model deployment. Include limitations.,Security/Privacy
Securing AI systems from adversarial attacks. Show benefits.,Security/Privacy
Preventing model leakage. ,Security/Privacy
Federated learning for privacy preservation. In layman terms.,Security/Privacy
Securing AI systems from adversarial attacks. Mention real-world impact.,Security/Privacy
Threats in AI model deployment. With examples.,Security/Privacy
Data privacy in machine learning. Explain simply.,Security/Privacy
Securing AI systems from adversarial attacks. ,Security/Privacy
Federated learning for privacy preservation. Mention real-world impact.,Security/Privacy
Data privacy in machine learning. Give use cases.,Security/Privacy
Federated learning for privacy preservation. Step by step.,Security/Privacy
Threats in AI model deployment. Include limitations.,Security/Privacy
Threats in AI model deployment. ,Security/Privacy
Threats in AI model deployment. Show benefits.,Security/Privacy
Threats in AI model deployment. Show benefits.,Security/Privacy
Federated learning for privacy preservation. Explain simply.,Security/Privacy
Federated learning for privacy preservation. Highlight challenges.,Security/Privacy
Threats in AI model deployment. Show benefits.,Security/Privacy
Securing AI systems from adversarial attacks. Step by step.,Security/Privacy
Preventing model leakage. Mention real-world impact.,Security/Privacy
Threats in AI model deployment. Mention real-world impact.,Security/Privacy
Federated learning for privacy preservation. Show benefits.,Security/Privacy
Preventing model leakage. Give use cases.,Security/Privacy
Federated learning for privacy preservation. With examples.,Security/Privacy
Securing AI systems from adversarial attacks. Give use cases.,Security/Privacy
Preventing model leakage. Step by step.,Security/Privacy
Building interpretable deep learning models. Highlight challenges.,Interpretability
Building interpretable deep learning models. Give use cases.,Interpretability
Building interpretable deep learning models. Give use cases.,Interpretability
Building interpretable deep learning models. Give use cases.,Interpretability
How to explain black-box models? Step by step.,Interpretability
Visualization techniques for AI decisions. In layman terms.,Interpretability
Explainable AI (XAI) overview. Mention real-world impact.,Interpretability
Explainable AI (XAI) overview. Give use cases.,Interpretability
How to explain black-box models? With examples.,Interpretability
How to explain black-box models? With examples.,Interpretability
Visualization techniques for AI decisions. ,Interpretability
Explainable AI (XAI) overview. In layman terms.,Interpretability
Explainable AI (XAI) overview. In layman terms.,Interpretability
Visualization techniques for AI decisions. Highlight challenges.,Interpretability
How to explain black-box models? Give use cases.,Interpretability
Explainable AI (XAI) overview. Highlight challenges.,Interpretability
Building interpretable deep learning models. Include limitations.,Interpretability
Building interpretable deep learning models. With examples.,Interpretability
Visualization techniques for AI decisions. With examples.,Interpretability
How to explain black-box models? Step by step.,Interpretability
Building interpretable deep learning models. ,Interpretability
Explainable AI (XAI) overview. Highlight challenges.,Interpretability
Explainable AI (XAI) overview. With examples.,Interpretability
Visualization techniques for AI decisions. Explain simply.,Interpretability
LIME and SHAP for model transparency. Mention real-world impact.,Interpretability
LIME and SHAP for model transparency. Include limitations.,Interpretability
How to explain black-box models? Step by step.,Interpretability
Building interpretable deep learning models. ,Interpretability
How to explain black-box models? ,Interpretability
Explainable AI (XAI) overview. Step by step.,Interpretability
Building interpretable deep learning models. Highlight challenges.,Interpretability
How to explain black-box models? Include limitations.,Interpretability
LIME and SHAP for model transparency. With examples.,Interpretability
How to explain black-box models? Highlight challenges.,Interpretability
Explainable AI (XAI) overview. Explain simply.,Interpretability
Building interpretable deep learning models. ,Interpretability
How to explain black-box models? Step by step.,Interpretability
Explainable AI (XAI) overview. Step by step.,Interpretability
Building interpretable deep learning models. Include limitations.,Interpretability
LIME and SHAP for model transparency. Explain simply.,Interpretability
